Metric,Baseline,Fine-Tuned,Delta %
BLEU-4,0.006376065135983039,0.1123780875629552,+1662.5%
ROUGE-L,0.13157368029648076,0.3329513894237215,+153.1%
Avg gen time (s),3.4159668922424316,1.1793369626998902,-65.5%
